1.555;IMPRESSORA;1;09/12/2025;18/01/2026;9085 - F PRINTER LOCACAO MAQUINAS IMPRESSAO EIRELI;1.390,00;1.390,00;18/01/2026;Pendente;1 - UNICREDI;Não;89 - Informatica;1 - MACLINEA MAQUINAS E EQUIPAMENTOS LTDA;;Manual
1.550;COMPUTADOR;1;01/12/2025;15/01/2026;8909 - W9 SERVICOS DE TECNOLOGIA LTDA;2.798,30;2.798,30;15/01/2026;Pendente;1 - UNICREDI;Não;89 - Informatica;1 - MACLINEA MAQUINAS E EQUIPAMENTOS LTDA;;Manual
1.205;4168;01//01/01;18/11/2025;10/12/2025;200212 - SUL AMERICA PARANA CLINICAS SERVICOS DE SAUDE S.A.;1.401,32;0;10/12/2025;Liquidada;1 - UNICREDI;Não;38 - Adiantamento de Salario;1 - MACLINEA MAQUINAS E EQUIPAMENTOS LTDA;;NF Entrada
1.203;4168;01//01/01;18/11/2025;10/12/2025;200212 - SUL AMERICA PARANA CLINICAS SERVICOS DE SAUDE S.A.;3.429,14;0;10/12/2025;Liquidada;1 - UNICREDI;Não;40 - Gratificaçoes/Brindes/Eventos para Funcionarios/Benefícios;1 - MACLINEA MAQUINAS E EQUIPAMENTOS LTDA;;NF Entrada
1.201;10096;01//01/01;21/11/2025;10/12/2025;200212 - SUL AMERICA PARANA CLINICAS SERVICOS DE SAUDE S.A.;3.775,42;0;10/12/2025;Liquidada;1 - UNICREDI;Não;38 - Adiantamento de Salario;1 - MACLINEA MAQUINAS E EQUIPAMENTOS LTDA;;NF Entrada
1.199;10096;01//01/01;21/11/2025;10/12/2025;200212 - SUL AMERICA PARANA CLINICAS SERVICOS DE SAUDE S.A.;17.794,08;0;10/12/2025;Liquidada;1 - UNICREDI;Não;40 - Gratificaçoes/Brindes/Eventos para Funcionarios/Benefícios;1 - MACLINEA MAQUINAS E EQUIPAMENTOS LTDA;;NF Entrada
1.167;104562;01//01/01;05/12/2025;05/12/2025;5030 - VITI COMERCIO DE PARAFUSOS E FIXADORES LTDA;807,76;807,76;05/12/2025;Pendente;;Não;3 - Venda de Produtos;1 - MACLINEA MAQUINAS E EQUIPAMENTOS LTDA;;NF Entrada
1.137;94596;01//01;04/12/2025;01/01/2026;8183 - TRANSFACE TRANSPORTES LTDA;151,64;151,64;;Pendente;1 - UNICREDI;Não;39 - Fretes;1 - MACLINEA MAQUINAS E EQUIPAMENTOS LTDA;Frete Ref a NF Entrada Nr: 213169 - RANSFACE TRANSPORTES LTDA;NF Entrada
1.136;213169;01//01/01;28/11/2025;28/11/2025;7714 - IFM ELECTRONIC LTDA;811,91;811,91;28/11/2025;Pendente;1 - UNICREDI;Não;41 - Compras de Materia Prima;1 - MACLINEA MAQUINAS E EQUIPAMENTOS LTDA;;NF Entrada
1.135;186065;01//01;10/12/2025;01/01/2026;3267 - EFITRANS TRANSPORTES LTDA;123,33;123,33;;Pendente;1 - UNICREDI;Não;39 - Fretes;1 - MACLINEA MAQUINAS E EQUIPAMENTOS LTDA;Frete Ref a NF Entrada Nr: 24122 - FITRANS TRANSPORTES LTDA;NF Entrada
1.134;24122;01//01/01;10/12/2025;10/12/2025;1500 - WASINGER INDUSTRIA E COMERCIO LUBRIFICANTES LTDA;312;312;10/12/2025;Pendente;1 - UNICREDI;Não;41 - Compras de Materia Prima;1 - MACLINEA MAQUINAS E EQUIPAMENTOS LTDA;;NF Entrada
1.133;370254;01//01;09/12/2025;01/01/2026;7361 - TRANSVILLE TRANSPORTES E SERVICOS LTDA;215,86;215,86;;Pendente;1 - UNICREDI;Não;39 - Fretes;1 - MACLINEA MAQUINAS E EQUIPAMENTOS LTDA;Frete Ref a NF Entrada Nr: 33565 - RANSVILLE TRANSPORTES E SERVICOS LTDA;NF Entrada
1.132;33565;01//01/01;28/11/2025;28/11/2025;181 - COFACO FABRICADORA DE CORREIAS LTDA;5.740,35;5.740,35;28/11/2025;Pendente;1 - UNICREDI;Não;41 - Compras de Materia Prima;1 - MACLINEA MAQUINAS E EQUIPAMENTOS LTDA;;NF Entrada
1.131;44353;01//01;08/12/2025;01/01/2026;6931 - EFITRANS TRANSPORTES LTDA;139,57;139,57;;Pendente;1 - UNICREDI;Não;39 - Fretes;1 - MACLINEA MAQUINAS E EQUIPAMENTOS LTDA;Frete Ref a NF Entrada Nr: 34991 - FITRANS TRANSPORTES LTDA;NF Entrada
1.130;34991;01//01/01;08/12/2025;08/12/2025;3152 - POLETO COMERCIAL;524,49;524,49;08/12/2025;Pendente;1 - UNICREDI;Não;41 - Compras de Materia Prima;1 - MACLINEA MAQUINAS E EQUIPAMENTOS LTDA;;NF Entrada
1.129;172265;01//01/01;12/12/2025;12/12/2025;1880 - ROLPASA ROLAMENTOS PARANA LTDA;1.100,00;0;12/12/2025;Liquidada;;Não;41 - Compras de Materia Prima;1 - MACLINEA MAQUINAS E EQUIPAMENTOS LTDA;;NF Entrada
1.128;172193;01//01/01;11/12/2025;11/12/2025;1880 - ROLPASA ROLAMENTOS PARANA LTDA;2.000,00;2.000,00;11/12/2025;Pendente;;Não;41 - Compras de Materia Prima;1 - MACLINEA MAQUINAS E EQUIPAMENTOS LTDA;;NF Entrada
1.127;172262;01//01/01;11/12/2025;11/12/2025;1880 - ROLPASA ROLAMENTOS PARANA LTDA;53;0;11/12/2025;Liquidada;1 - UNICREDI;Não;41 - Compras de Materia Prima;1 - MACLINEA MAQUINAS E EQUIPAMENTOS LTDA;;NF Entrada
1.126;44261;01//01;03/12/2025;01/01/2026;6931 - EFITRANS TRANSPORTES LTDA;150,06;150,06;;Pendente;1 - UNICREDI;Não;39 - Fretes;1 - MACLINEA MAQUINAS E EQUIPAMENTOS LTDA;Frete Ref a NF Entrada Nr: 76381 - FITRANS TRANSPORTES LTDA;NF Entrada
1.125;76381;01//01/01;02/12/2025;02/12/2025;7719 - FORT EQUIPAMENTOS E PRODUTOS PARA INDUSTRIA LTDA;3.924,20;3.924,20;02/12/2025;Pendente;1 - UNICREDI;Não;77 - Compras de Insumos;1 - MACLINEA MAQUINAS E EQUIPAMENTOS LTDA;;NF Entrada
1.124;75368;01//01/01;12/12/2025;13/12/2025;1069 - CAROLFIX COMERCIO DE FIXACAO E ROLAMENTOS LTDA;74,53;74,53;13/12/2025;Pendente;1 - UNICREDI;Não;41 - Compras de Materia Prima;1 - MACLINEA MAQUINAS E EQUIPAMENTOS LTDA;;NF Entrada
1.123;FGTS 13SAL;1;08/12/2025;31/12/2025;1 - Maclinea Maquinas e Equipamentos Ltda;15.000,00;15.000,00;31/12/2025;Pendente;1 - UNICREDI;Não;22 - FGTS;1 - MACLINEA MAQUINAS E EQUIPAMENTOS LTDA;;Manual
1.122;FGTS FERIA;1;08/12/2025;31/12/2025;1 - Maclinea Maquinas e Equipamentos Ltda;15.000,00;15.000,00;31/12/2025;Pendente;1 - UNICREDI;Não;22 - FGTS;1 - MACLINEA MAQUINAS E EQUIPAMENTOS LTDA;;Manual
1.121;FERIAS;00/1001;12/12/2025;31/12/2025;1 - Maclinea Maquinas e Equipamentos Ltda;100.000,00;100.000,00;31/12/2025;Pendente;1 - UNICREDI;Não;"74 - Ferias 1/3"" - 10 Dias";1 - MACLINEA MAQUINAS E EQUIPAMENTOS LTDA;FERIAS ANUAIS;Manual
1.120;13 SALARIO;00/1002;12/12/2025;30/11/2026;1 - Maclinea Maquinas e Equipamentos Ltda;80.000,00;80.000,00;30/11/2026;Pendente;1 - UNICREDI;Não;73 - 13º Salario;1 - MACLINEA MAQUINAS E EQUIPAMENTOS LTDA;PRIMEIRA PARCELA 13° SALARIO;Manual
1.119;13 SALARIO;00/2002;12/12/2025;20/12/2025;1 - Maclinea Maquinas e Equipamentos Ltda;80.000,00;80.000,00;20/12/2025;Pendente;1 - UNICREDI;Não;73 - 13º Salario;1 - MACLINEA MAQUINAS E EQUIPAMENTOS LTDA;SEGUNDA PARCELA 13° SALARIO;Manual
1.118;IMPRESSORA;1;09/12/2025;18/12/2025;9085 - F PRINTER LOCACAO MAQUINAS IMPRESSAO EIRELI;1.390,00;0;18/12/2025;Liquidada;1 - UNICREDI;Não;89 - Informatica;1 - MACLINEA MAQUINAS E EQUIPAMENTOS LTDA;;Manual
1.117;IMPRESSORA;1;09/12/2025;18/11/2025;9085 - F PRINTER LOCACAO MAQUINAS IMPRESSAO EIRELI;1.390,00;0;18/11/2025;Liquidada;1 - UNICREDI;Não;89 - Informatica;1 - MACLINEA MAQUINAS E EQUIPAMENTOS LTDA;;Manual
1.116;60175;1;09/12/2025;18/10/2025;9085 - F PRINTER LOCACAO MAQUINAS IMPRESSAO EIRELI;1.390,00;-52,18;18/10/2025;Liquidada;1 - UNICREDI;Não;89 - Informatica;1 - MACLINEA MAQUINAS E EQUIPAMENTOS LTDA;;Manual
1.076;AGUA;1;12/12/2025;12/12/2025;8237 - COMPANHIA DE SANEAMENTO DO PARANA - SANEPAR;192,16;192,16;12/12/2025;Pendente;1 - UNICREDI;Não;64 - Agua;1 - MACLINEA MAQUINAS E EQUIPAMENTOS LTDA;MATRICULA 11668364 (BREMAX);Manual
946;SAUDE C.E;1;08/12/2025;10/01/2026;200212 - SUL AMERICA PARANA CLINICAS SERVICOS DE SAUDE S.A.;3.429,14;3.429,14;10/01/2026;Pendente;1 - UNICREDI;Não;97 - PLANO DE SAÚDE;1 - MACLINEA MAQUINAS E EQUIPAMENTOS LTDA;;Manual
945;SAUDE C.C;1;10/12/2025;10/01/2026;200212 - SUL AMERICA PARANA CLINICAS SERVICOS DE SAUDE S.A.;1.401,32;1.401,32;10/01/2026;Pendente;1 - UNICREDI;Não;38 - Adiantamento de Salario;1 - MACLINEA MAQUINAS E EQUIPAMENTOS LTDA;;Manual
941;SAUDE M.C;1;08/12/2025;10/01/2026;200212 - SUL AMERICA PARANA CLINICAS SERVICOS DE SAUDE S.A.;3.775,42;3.775,42;10/01/2026;Pendente;1 - UNICREDI;Não;38 - Adiantamento de Salario;1 - MACLINEA MAQUINAS E EQUIPAMENTOS LTDA;;Manual
937;4168;1;08/12/2025;10/12/2025;200212 - SUL AMERICA PARANA CLINICAS SERVICOS DE SAUDE S.A.;3.429,14;3.429,14;10/12/2025;Cancelada;1 - UNICREDI;Não;97 - PLANO DE SAÚDE;1 - MACLINEA MAQUINAS E EQUIPAMENTOS LTDA;;Manual
934;4168;1;10/12/2025;10/12/2025;200212 - SUL AMERICA PARANA CLINICAS SERVICOS DE SAUDE S.A.;1.401,32;1.401,32;10/12/2025;Cancelada;1 - UNICREDI;Não;38 - Adiantamento de Salario;1 - MACLINEA MAQUINAS E EQUIPAMENTOS LTDA;;Manual
925;VIGILANCIA;1;08/12/2025;05/01/2026;8641 - SOFKA SEGURANCA LTDA;4.700,00;4.700,00;05/01/2026;Pendente;1 - UNICREDI;Não;48 - Vigilancia;1 - MACLINEA MAQUINAS E EQUIPAMENTOS LTDA;;Manual
920;INFRA;1;08/12/2025;10/01/2026;200208 - SYNNOVA SOFTWARE E SOLUÇÕES LTDA;6.000,00;6.000,00;10/01/2026;Pendente;1 - UNICREDI;Não;89 - Informatica;1 - MACLINEA MAQUINAS E EQUIPAMENTOS LTDA;;Manual
919;CONTABILID;1;08/12/2025;10/01/2026;9264 - CONTABILIDADE FAZENDA S S LTDA;3.500,00;3.500,00;10/01/2026;Pendente;1 - UNICREDI;Não;30 - Contabilidade;1 - MACLINEA MAQUINAS E EQUIPAMENTOS LTDA;;Manual
866;11217;01//01/01;08/12/2025;05/01/2026;200023 - EFITRANS TRANSPORTES LTDA;9,5;9,5;05/01/2026;Pendente;1 - UNICREDI;Não;39 - Fretes;1 - MACLINEA MAQUINAS E EQUIPAMENTOS LTDA;;NF Entrada
858;652;01//01/01;08/12/2025;08/12/2025;7799 - DAX AUTOMACAO INDUSTRIAL LTDA;3.325,13;3.325,13;08/12/2025;Pendente;;Não;41 - Compras de Materia Prima;1 - MACLINEA MAQUINAS E EQUIPAMENTOS LTDA;;NF Entrada
854;40855;01//01/01;05/12/2025;05/12/2025;6625 - POCOL CORREIAS E MAGUEIRAS LTDA;460,32;460,32;05/12/2025;Pendente;1 - UNICREDI;Não;41 - Compras de Materia Prima;1 - MACLINEA MAQUINAS E EQUIPAMENTOS LTDA;;NF Entrada
852;41144;01//01/01;04/12/2025;01/01/2026;8367 - POLUS INSTRUMENTOS ELETRICOS LTDA;935,7;935,7;01/01/2026;Pendente;1 - UNICREDI;Não;41 - Compras de Materia Prima;1 - MACLINEA MAQUINAS E EQUIPAMENTOS LTDA;;NF Entrada
846;172104;01//01/01;09/12/2025;09/12/2025;1880 - ROLPASA ROLAMENTOS PARANA LTDA;90,5;0;09/12/2025;Liquidada;1 - UNICREDI;Não;41 - Compras de Materia Prima;1 - MACLINEA MAQUINAS E EQUIPAMENTOS LTDA;;NF Entrada
824;105930;01//01/01;06/12/2025;05/01/2026;9100 - ADL COMERCIO DE PECAS PARA VEICULOS LTDA;105,79;105,79;05/01/2026;Pendente;1 - UNICREDI;Não;41 - Compras de Materia Prima;1 - MACLINEA MAQUINAS E EQUIPAMENTOS LTDA;;NF Entrada
823;622082;01//01/01;05/12/2025;05/12/2025;5795 - DISTRIBUIDORA DE TINTAS DARKA LTDA;454;454;05/12/2025;Pendente;1 - UNICREDI;Não;41 - Compras de Materia Prima;1 - MACLINEA MAQUINAS E EQUIPAMENTOS LTDA;;NF Entrada
812;2897;01//01/01;10/12/2025;10/12/2025;8308 - NECTECH LTDA;5.275,94;5.275,94;10/12/2025;Pendente;;Não;41 - Compras de Materia Prima;1 - MACLINEA MAQUINAS E EQUIPAMENTOS LTDA;;NF Entrada
811;185894;01//01;09/12/2025;01/01/2026;3267 - EFITRANS TRANSPORTES LTDA;128,31;128,31;;Pendente;1 - UNICREDI;Não;39 - Fretes;1 - MACLINEA MAQUINAS E EQUIPAMENTOS LTDA;Frete Ref a NF Entrada Nr: 180373 - FITRANS TRANSPORTES LTDA;NF Entrada
810;180373;01//01/01;09/12/2025;10/12/2025;1030 - GEFRAN BRASIL ELETROELETRONICA LTDA;1.370,81;1.370,81;10/12/2025;Pendente;1 - UNICREDI;Não;41 - Compras de Materia Prima;1 - MACLINEA MAQUINAS E EQUIPAMENTOS LTDA;;NF Entrada
805;29461;01//01/01;08/12/2025;08/12/2025;92 - MUNDIAL PRINT LTDA;626,4;626,4;08/12/2025;Pendente;;Não;41 - Compras de Materia Prima;1 - MACLINEA MAQUINAS E EQUIPAMENTOS LTDA;;NF Entrada
801;103927;01//01/01;02/12/2025;02/12/2025;8276 - GHPC DO BRASIL LTDA;1.693,63;1.693,63;02/12/2025;Pendente;1 - UNICREDI;Não;41 - Compras de Materia Prima;1 - MACLINEA MAQUINAS E EQUIPAMENTOS LTDA;;NF Entrada
794;14788;01//01/01;03/12/2025;03/12/2025;8107 - IRC COMERCIO DE PECAS LTDA;1.691,20;1.691,20;03/12/2025;Pendente;;Não;41 - Compras de Materia Prima;1 - MACLINEA MAQUINAS E EQUIPAMENTOS LTDA;;NF Entrada
793;171911;01//01/01;04/12/2025;04/12/2025;1880 - ROLPASA ROLAMENTOS PARANA LTDA;1.708,00;0;04/12/2025;Liquidada;1 - UNICREDI;Não;41 - Compras de Materia Prima;1 - MACLINEA MAQUINAS E EQUIPAMENTOS LTDA;;NF Entrada
792;2868;01//01/01;04/12/2025;04/12/2025;8308 - NECTECH LTDA;153,4;153,4;04/12/2025;Pendente;;Não;41 - Compras de Materia Prima;1 - MACLINEA MAQUINAS E EQUIPAMENTOS LTDA;;NF Entrada
789;314966;01//01/01;05/12/2025;05/12/2025;6083 - INCAVEL ONIBUS E PECAS LTDA;140;140;05/12/2025;Pendente;1 - UNICREDI;Não;41 - Compras de Materia Prima;1 - MACLINEA MAQUINAS E EQUIPAMENTOS LTDA;;NF Entrada
783;608;01//01/01;02/12/2025;02/12/2025;8414 - RESIHEAT RESISTENCIAS ELETRICAS LTDA;1.700,00;1.700,00;02/12/2025;Pendente;1 - UNICREDI;Não;41 - Compras de Materia Prima;1 - MACLINEA MAQUINAS E EQUIPAMENTOS LTDA;;NF Entrada
780;34082;01//01/01;05/12/2025;05/12/2025;6744 - AUTOIND BRASIL PECAS E ACESSORIOS LTDA;121,41;121,41;05/12/2025;Pendente;;Não;41 - Compras de Materia Prima;1 - MACLINEA MAQUINAS E EQUIPAMENTOS LTDA;;NF Entrada
695;17491;01//01;03/12/2025;01/01/2026;8456 - EFITRANS TRANSPORTES LTDA;207,57;207,57;;Pendente;1 - UNICREDI;Não;39 - Fretes;1 - MACLINEA MAQUINAS E EQUIPAMENTOS LTDA;Frete Ref a NF Entrada Nr: 103979 - FITRANS TRANSPORTES LTDA;NF Entrada
694;103979;01//01/01;03/12/2025;03/12/2025;8276 - GHPC DO BRASIL LTDA;317,38;317,38;03/12/2025;Pendente;1 - UNICREDI;Não;41 - Compras de Materia Prima;1 - MACLINEA MAQUINAS E EQUIPAMENTOS LTDA;;NF Entrada
693;3;01//01/01;01/12/2025;10/12/2025;8466 - MDS INSTALACAO DE MAQUINAS LTDA;20.940,00;0;10/12/2025;Liquidada;1 - UNICREDI;Não;24 - Salarios;1 - MACLINEA MAQUINAS E EQUIPAMENTOS LTDA;;NF Entrada
692;62;01//01/01;02/12/2025;10/12/2025;200208 - SYNNOVA SOFTWARE E SOLUÇÕES LTDA;6.000,00;6.000,00;10/12/2025;Cancelada;1 - UNICREDI;Não;24 - Salarios;1 - MACLINEA MAQUINAS E EQUIPAMENTOS LTDA;;NF Entrada
690;74155;01//01/01;03/12/2025;03/12/2025;9259 - ACTTION DO BRASIL LTDA;200,56;200,56;03/12/2025;Pendente;1 - UNICREDI;Não;61 - Despesas Administrativas;1 - MACLINEA MAQUINAS E EQUIPAMENTOS LTDA;;NF Entrada
689;2858;01//01/01;03/12/2025;03/12/2025;8308 - NECTECH LTDA;186,75;186,75;03/12/2025;Pendente;;Não;41 - Compras de Materia Prima;1 - MACLINEA MAQUINAS E EQUIPAMENTOS LTDA;;NF Entrada
688;2151607;01//01;02/12/2025;01/01/2026;7708 - TRANSJOI TRANSPORTES LTDA;80,11;80,11;;Pendente;1 - UNICREDI;Não;39 - Fretes;1 - MACLINEA MAQUINAS E EQUIPAMENTOS LTDA;Frete Ref a NF Entrada Nr: 3900307 - RANSJOI TRANSPORTES LTDA;NF Entrada
687;3900307;01//01/01;02/12/2025;02/12/2025;283 - WEG EQUIPAMENTOS ELETRICOS S/A;2.718,63;2.718,63;02/12/2025;Pendente;1 - UNICREDI;Não;41 - Compras de Materia Prima;1 - MACLINEA MAQUINAS E EQUIPAMENTOS LTDA;;NF Entrada
686;706;01//01/01;03/12/2025;03/12/2025;8497 - TINTAS FRANCA LTDA;295,8;295,8;03/12/2025;Pendente;;Não;77 - Compras de Insumos;1 - MACLINEA MAQUINAS E EQUIPAMENTOS LTDA;;NF Entrada
685;44202;01//01;01/12/2025;01/01/2026;6931 - EFITRANS TRANSPORTES LTDA;165,63;165,63;;Pendente;1 - UNICREDI;Não;39 - Fretes;1 - MACLINEA MAQUINAS E EQUIPAMENTOS LTDA;Frete Ref a NF Entrada Nr: 34924 - FITRANS TRANSPORTES LTDA;NF Entrada
684;34924;01//01/01;01/12/2025;01/12/2025;3152 - POLETO COMERCIAL;2.076,08;2.076,08;01/12/2025;Pendente;1 - UNICREDI;Não;41 - Compras de Materia Prima;1 - MACLINEA MAQUINAS E EQUIPAMENTOS LTDA;;NF Entrada
683;46305;01//01/01;01/12/2025;01/12/2025;2948 - SITU INDUSTRIA E COMERCIO DE ACRILICOS LTDA - EPP;20;0;01/12/2025;Liquidada;1 - UNICREDI;Não;41 - Compras de Materia Prima;1 - MACLINEA MAQUINAS E EQUIPAMENTOS LTDA;;NF Entrada
682;428;01//01/01;02/12/2025;03/12/2025;8552 - ADNEI RIBEIRO NETO;48;0;03/12/2025;Liquidada;1 - UNICREDI;Não;61 - Despesas Administrativas;1 - MACLINEA MAQUINAS E EQUIPAMENTOS LTDA;;NF Entrada
681;160483;01//01;08/12/2025;01/01/2026;6930 - EFITRANS TRANSPORTES LTDA;110,42;110,42;;Pendente;1 - UNICREDI;Não;39 - Fretes;1 - MACLINEA MAQUINAS E EQUIPAMENTOS LTDA;Frete Ref a NF Entrada Nr: 214107 - FITRANS TRANSPORTES LTDA;NF Entrada
680;214107;01//01/01;05/12/2025;05/12/2025;7714 - IFM ELECTRONIC LTDA;811,91;811,91;05/12/2025;Pendente;1 - UNICREDI;Não;41 - Compras de Materia Prima;1 - MACLINEA MAQUINAS E EQUIPAMENTOS LTDA;;NF Entrada
679;185746;01//01;08/12/2025;01/01/2026;3267 - EFITRANS TRANSPORTES LTDA;129,41;129,41;;Pendente;1 - UNICREDI;Não;39 - Fretes;1 - MACLINEA MAQUINAS E EQUIPAMENTOS LTDA;Frete Ref a NF Entrada Nr: 94380 - FITRANS TRANSPORTES LTDA;NF Entrada
678;94380;01//01/01;05/12/2025;05/12/2025;6521 - SPECIALTY PRODUCT TECH. COM. IND. EQUIP.  LTDA;1.644,19;0;05/12/2025;Liquidada;1 - UNICREDI;Não;41 - Compras de Materia Prima;1 - MACLINEA MAQUINAS E EQUIPAMENTOS LTDA;;NF Entrada
677;CLARO;1;08/12/2025;17/12/2025;8922 - CLARO S/A;1.997,70;1.997,70;17/12/2025;Pendente;1 - UNICREDI;Não;63 - Telefonia/Fixa/Movel/Internet;1 - MACLINEA MAQUINAS E EQUIPAMENTOS LTDA;;Manual
676;17583;01//01;08/12/2025;01/01/2026;8456 - EFITRANS TRANSPORTES LTDA;198,49;198,49;;Pendente;1 - UNICREDI;Não;39 - Fretes;1 - MACLINEA MAQUINAS E EQUIPAMENTOS LTDA;Frete Ref a NF Entrada Nr: 70137 - FITRANS TRANSPORTES LTDA;NF Entrada
675;70137;01//01/01;05/12/2025;05/12/2025;7125 - DAMARI COMERCIO PARA MANUTENCAO LTDA;560;560;05/12/2025;Pendente;1 - UNICREDI;Não;41 - Compras de Materia Prima;1 - MACLINEA MAQUINAS E EQUIPAMENTOS LTDA;;NF Entrada
674;131;01//01/01;28/11/2025;28/11/2025;7839 - BRAVOLUZ COMERCIAL EIRELLI;1.050,00;1.050,00;28/11/2025;Pendente;1 - UNICREDI;Não;41 - Compras de Materia Prima;1 - MACLINEA MAQUINAS E EQUIPAMENTOS LTDA;;NF Entrada
673;5114;01//01/01;01/12/2025;01/12/2025;6425 - PRESEL PRESTADORA DE SERVICO E LOGISTICA LTDA;534,8;534,8;01/12/2025;Pendente;1 - UNICREDI;Não;41 - Compras de Materia Prima;1 - MACLINEA MAQUINAS E EQUIPAMENTOS LTDA;;NF Entrada
672;153028;01//01/01;02/12/2025;03/12/2025;6623 - BELTEX INDUSTRIA E COMERCIO DE CORREIAS LTDA;2.343,00;2.343,00;03/12/2025;Pendente;1 - UNICREDI;Não;41 - Compras de Materia Prima;1 - MACLINEA MAQUINAS E EQUIPAMENTOS LTDA;;NF Entrada
671;3899899;01//01/01;01/12/2025;01/12/2025;283 - WEG EQUIPAMENTOS ELETRICOS S/A;13.792,34;13.792,34;01/12/2025;Pendente;1 - UNICREDI;Não;41 - Compras de Materia Prima;1 - MACLINEA MAQUINAS E EQUIPAMENTOS LTDA;;NF Entrada
670;152;01//01/01;01/12/2025;28/12/2025;1673 - MARAN, GEHLEN & ADVOGADOS ASSOCIADOS S/C;9.385,00;9.385,00;28/12/2025;Pendente;1 - UNICREDI;Não;71 - Honorários Advocatícios/Consultoria;1 - MACLINEA MAQUINAS E EQUIPAMENTOS LTDA;;NF Entrada
669;25815;01//01/01;05/12/2025;05/12/2025;450 - PLASTOMERO PLASTICOS ELASTOMEROS ESPECIAIS LTDA;19.320,00;0;05/12/2025;Liquidada;1 - UNICREDI;Não;;1 - MACLINEA MAQUINAS E EQUIPAMENTOS LTDA;;NF Entrada
668;17691;01//01/01;08/12/2025;08/12/2025;3773 - ARTEFATOS DE BORRACHA PCR LTDA;2.510,00;2.510,00;08/12/2025;Pendente;1 - UNICREDI;Não;;1 - MACLINEA MAQUINAS E EQUIPAMENTOS LTDA;;NF Entrada
667;761;01//01/01;04/12/2025;04/12/2025;7152 - P DOS ANJOS SERVICOS DE TORNEARIA E SOLDA;9.894,00;9.894,00;04/12/2025;Pendente;1 - UNICREDI;Não;54 - Compras de Serviços;1 - MACLINEA MAQUINAS E EQUIPAMENTOS LTDA;;NF Entrada
663;122;01/0;13/11/2025;28/11/2025;1673 - MARAN, GEHLEN & ADVOGADOS ASSOCIADOS S/C;9.385,00;0;28/11/2025;Liquidada;1 - UNICREDI;Não;71 - Honorários Advocatícios/Consultoria;1 - MACLINEA MAQUINAS E EQUIPAMENTOS LTDA;;NF Entrada
662;CONSULT;1;08/12/2025;25/01/2026;8380 - CONSULT ADMINISTRADOR JUDICIAL LTDA;4.760,00;4.760,00;25/01/2026;Pendente;1 - UNICREDI;Não;30 - Contabilidade;1 - MACLINEA MAQUINAS E EQUIPAMENTOS LTDA;;Manual
661;BALDUSSI;1;05/12/2025;15/12/2025;8903 - BALDUSSI SOLUCOES LTDA;950;950;15/12/2025;Pendente;1 - UNICREDI;Não;63 - Telefonia/Fixa/Movel/Internet;1 - MACLINEA MAQUINAS E EQUIPAMENTOS LTDA;PAGAMENTO MENSAL DE IP DEDICADO/INTERNET VIVO ;Manual
660;VIGILANCIA;1;08/12/2025;05/12/2025;8641 - SOFKA SEGURANCA LTDA;4.700,00;1.100,00;05/12/2025;Residual;1 - UNICREDI;Não;48 - Vigilancia;1 - MACLINEA MAQUINAS E EQUIPAMENTOS LTDA;;Manual
659;59365;1;09/12/2025;14/09/2025;9085 - F PRINTER LOCACAO MAQUINAS IMPRESSAO EIRELI;1.390,00;0;14/09/2025;Liquidada;1 - UNICREDI;Não;89 - Informatica;1 - MACLINEA MAQUINAS E EQUIPAMENTOS LTDA;;Manual
658;170838;1;01/12/2025;15/12/2025;8909 - W9 SERVICOS DE TECNOLOGIA LTDA;2.798,30;0;15/12/2025;Liquidada;1 - UNICREDI;Não;89 - Informatica;1 - MACLINEA MAQUINAS E EQUIPAMENTOS LTDA;;Manual
657;COPEL;1;04/12/2025;03/01/2026;448 - COPEL DISTRIBUICAO S/A;18.416,43;18.416,43;03/01/2026;Pendente;1 - UNICREDI;Não;65 - Luz;1 - MACLINEA MAQUINAS E EQUIPAMENTOS LTDA;VALOR MENSAL COPEL;Manual
655;VIVO ;00/1;05/12/2025;02/01/2026;200206 - VIVO - TELEFONICA BRASIL S.A.;1.202,08;1.202,08;02/01/2026;Pendente;1 - UNICREDI;Não;63 - Telefonia/Fixa/Movel/Internet;1 - MACLINEA MAQUINAS E EQUIPAMENTOS LTDA;PAGAMENTO MENSAL DE IP DEDICADO/INTERNET VIVO ;Manual
654;1404;01//01/01;24/11/2025;24/11/2025;7983 - M&H PRODUTOS INDUSTRIAIS LTDA;455;0;24/11/2025;Liquidada;1 - UNICREDI;Não;41 - Compras de Materia Prima;1 - MACLINEA MAQUINAS E EQUIPAMENTOS LTDA;;NF Entrada
647;ALUGUEL;1;09/12/2025;15/01/2026;200211 - BRE-MAX ADMINISTRACAO DE BENS PROPRIOS LTDA;55.000,00;55.000,00;15/01/2026;Pendente;1 - UNICREDI;Não;52 - Aluguel;1 - MACLINEA MAQUINAS E EQUIPAMENTOS LTDA;;Manual
646;ALUGUEL;1;09/12/2025;15/12/2025;200211 - BRE-MAX ADMINISTRACAO DE BENS PROPRIOS LTDA;55.000,00;50.639,62;15/12/2025;Residual;1 - UNICREDI;Não;52 - Aluguel;1 - MACLINEA MAQUINAS E EQUIPAMENTOS LTDA;;Manual
645;SALARIO;1;08/12/2025;07/01/2026;1 - Maclinea Maquinas e Equipamentos Ltda;100.000,00;100.000,00;07/01/2026;Pendente;1 - UNICREDI;Não;24 - Salarios;1 - MACLINEA MAQUINAS E EQUIPAMENTOS LTDA;;Manual
644;SALARIO PJ;1;08/12/2025;07/01/2026;1 - Maclinea Maquinas e Equipamentos Ltda;93.951,43;93.951,43;07/01/2026;Pendente;1 - UNICREDI;Não;24 - Salarios;1 - MACLINEA MAQUINAS E EQUIPAMENTOS LTDA;;Manual
630;21;01//01/01;13/11/2025;13/11/2025;8561 - FABIO LUIZ FREIRE PERES;2.500,00;2.500,00;13/11/2025;Pendente;1 - UNICREDI;Não;54 - Compras de Serviços;1 - MACLINEA MAQUINAS E EQUIPAMENTOS LTDA;;NF Entrada
629;L CIL GAS;01/jan;09/12/2025;09/01/2026;8113 - IBG CRYO INDUSTRIA DE GASES;1.480,35;1.480,35;09/01/2026;Pendente;1 - UNICREDI;Sim;54 - Compras de Serviços;1 - MACLINEA MAQUINAS E EQUIPAMENTOS LTDA;;Manual
628;CARTÃO PON;01/jan;09/12/2025;03/01/2026;7252 - CNI EMPRESA NACIONAL DE SERVICOS TECNICOS ESPECIAL;472,33;472,33;03/01/2026;Pendente;1 - UNICREDI;Sim;89 - Informatica;1 - MACLINEA MAQUINAS E EQUIPAMENTOS LTDA;;Manual
627;OCUPACIONA;01/jan;09/12/2025;05/01/2026;7362 - GARCIA PERICIA TECNICA DE SEGURANCA DO TRABALHO EI;1.301,55;1.301,55;05/01/2026;Pendente;1 - UNICREDI;Sim;58 - Segurança no Trabalho;1 - MACLINEA MAQUINAS E EQUIPAMENTOS LTDA;;Manual
626;ESTOPAS;01/jan;09/12/2025;10/01/2025;1670 - ALSCO BRASIL LTDA;238,34;238,34;10/01/2025;Pendente;1 - UNICREDI;Sim;78 - Ambiental/Residuos;1 - MACLINEA MAQUINAS E EQUIPAMENTOS LTDA;;Manual
625;123;01/jan;07/12/2025;20/12/2025;5076 - GTS GRUPO TECNICO EM SANITIZACAO;300;300;20/12/2025;Pendente;1 - UNICREDI;Sim;61 - Despesas Administrativas;1 - MACLINEA MAQUINAS E EQUIPAMENTOS LTDA;;Manual
621;DENTAL;1;08/12/2025;01/12/2025;8838 - AMIL ASSISTENCIA MEDICA INTERNACIONAL S/A;727,21;727,21;01/12/2025;Pendente;1 - UNICREDI;Não;97 - PLANO DE SAÚDE;1 - MACLINEA MAQUINAS E EQUIPAMENTOS LTDA;;Manual
614;ACORDO;00/1;09/12/2025;09/12/2025;4528 - ACOS FAVORIT DISTRIBUIDORA LTDA;85.487,55;0;09/12/2025;Liquidada;8 - CAIXA FISICO;Não;41 - Compras de Materia Prima;1 - MACLINEA MAQUINAS E EQUIPAMENTOS LTDA;NFS 175218/175441/176008/176108/176229/176499/176988/177597/177719/177868;Manual
611;SALARIO PJ;1;08/12/2025;07/12/2025;1 - Maclinea Maquinas e Equipamentos Ltda;92.157,50;0;07/12/2025;Liquidada;1 - UNICREDI;Não;24 - Salarios;1 - MACLINEA MAQUINAS E EQUIPAMENTOS LTDA;;Manual
610;COPEL;1;04/12/2025;03/12/2025;448 - COPEL DISTRIBUICAO S/A;18.416,43;0;03/12/2025;Liquidada;1 - UNICREDI;Sim;65 - Luz;1 - MACLINEA MAQUINAS E EQUIPAMENTOS LTDA;VALOR MENSAL COPEL;Manual
609;AGUA;1;08/12/2025;12/12/2025;8237 - COMPANHIA DE SANEAMENTO DO PARANA - SANEPAR;2.760,64;2.760,64;12/12/2025;Pendente;1 - UNICREDI;Sim;64 - Agua;1 - MACLINEA MAQUINAS E EQUIPAMENTOS LTDA;MATRICULA 02679264;Manual
608;CONTABILID;1;08/12/2025;10/12/2025;9264 - CONTABILIDADE FAZENDA S S LTDA;3.500,00;0;10/12/2025;Liquidada;1 - UNICREDI;Não;30 - Contabilidade;1 - MACLINEA MAQUINAS E EQUIPAMENTOS LTDA;;Manual
607;CONSULT;1;08/12/2025;25/12/2025;8380 - CONSULT ADMINISTRADOR JUDICIAL LTDA;4.760,00;-43,04;25/12/2025;Liquidada;1 - UNICREDI;Não;30 - Contabilidade;1 - MACLINEA MAQUINAS E EQUIPAMENTOS LTDA;;Manual
606;BALDUSSI;1;05/12/2025;15/11/2025;8903 - BALDUSSI SOLUCOES LTDA;950;0;15/11/2025;Liquidada;1 - UNICREDI;Não;63 - Telefonia/Fixa/Movel/Internet;1 - MACLINEA MAQUINAS E EQUIPAMENTOS LTDA;PAGAMENTO MENSAL DE IP DEDICADO/INTERNET VIVO ;Manual
605;MUNDIVOX;1;05/12/2025;12/01/2026;4364 - MACLINEA - MAQUINAS E ENGENHARIA P/ MADEIRAS LTDA;1.000,00;1.000,00;12/01/2026;Pendente;1 - UNICREDI;Não;63 - Telefonia/Fixa/Movel/Internet;1 - MACLINEA MAQUINAS E EQUIPAMENTOS LTDA;PAGAMENTO MENSAL DE IP DEDICADO/INTERNET VIVO ;Manual
604;CLARO;1;08/12/2025;17/11/2025;8922 - CLARO S/A;1.585,51;0;17/11/2025;Liquidada;1 - UNICREDI;Sim;63 - Telefonia/Fixa/Movel/Internet;1 - MACLINEA MAQUINAS E EQUIPAMENTOS LTDA;;Manual
602;83;1;07/12/2025;26/12/2025;8144 - J.O.F. SOLUCOES EM RECURSOS HUMANOS EIRELI;4.327,75;4.327,75;26/12/2025;Pendente;1 - UNICREDI;Não;61 - Despesas Administrativas;1 - MACLINEA MAQUINAS E EQUIPAMENTOS LTDA;;Manual
601;VIGILANCIA;1;08/12/2025;05/11/2025;8641 - SOFKA SEGURANCA LTDA;4.684,98;0;05/11/2025;Liquidada;1 - UNICREDI;Não;48 - Vigilancia;1 - MACLINEA MAQUINAS E EQUIPAMENTOS LTDA;;Manual
600;PORTARIA;1;08/12/2025;15/12/2025;1 - Maclinea Maquinas e Equipamentos Ltda;4.000,00;4.000,00;15/12/2025;Pendente;1 - UNICREDI;Não;48 - Vigilancia;1 - MACLINEA MAQUINAS E EQUIPAMENTOS LTDA;;Manual
599;RESTAURANT;1;08/12/2025;10/01/2026;5035 - RESTAURANTE E LANCHONETE BUHRER LTDA;16.000,00;16.000,00;10/01/2026;Pendente;1 - UNICREDI;Não;59 - Alimentaçao;1 - MACLINEA MAQUINAS E EQUIPAMENTOS LTDA;;Manual
598;V.TRANSP;1;08/12/2025;07/12/2025;1 - Maclinea Maquinas e Equipamentos Ltda;1.153,92;1.153,92;07/12/2025;Pendente;1 - UNICREDI;Não;56 - Vale Transporte;1 - MACLINEA MAQUINAS E EQUIPAMENTOS LTDA;;Manual
597;INSS PATRO;1;08/12/2025;07/01/2026;1 - Maclinea Maquinas e Equipamentos Ltda;40.234,66;40.234,66;07/01/2026;Pendente;1 - UNICREDI;Não;23 - INSS;1 - MACLINEA MAQUINAS E EQUIPAMENTOS LTDA;;Manual
596;SALARIO;1;08/12/2025;07/12/2025;1 - Maclinea Maquinas e Equipamentos Ltda;61.264,99;0;07/12/2025;Liquidada;1 - UNICREDI;Não;24 - Salarios;1 - MACLINEA MAQUINAS E EQUIPAMENTOS LTDA;;Manual
595;SAUDE M.E;1;08/12/2025;10/01/2026;200212 - SUL AMERICA PARANA CLINICAS SERVICOS DE SAUDE S.A.;17.794,08;17.794,08;10/01/2026;Pendente;1 - UNICREDI;Não;97 - PLANO DE SAÚDE;1 - MACLINEA MAQUINAS E EQUIPAMENTOS LTDA;;Manual
593;58660;1;09/12/2025;16/08/2025;9085 - F PRINTER LOCACAO MAQUINAS IMPRESSAO EIRELI;1.390,00;-46,46;16/08/2025;Liquidada;1 - UNICREDI;Não;89 - Informatica;1 - MACLINEA MAQUINAS E EQUIPAMENTOS LTDA;;Manual
592;INFRA;1;08/12/2025;10/12/2025;200208 - SYNNOVA SOFTWARE E SOLUÇÕES LTDA;6.000,00;0;10/12/2025;Liquidada;1 - UNICREDI;Não;89 - Informatica;1 - MACLINEA MAQUINAS E EQUIPAMENTOS LTDA;;Manual
591;DEV. SISTE;1;08/12/2025;15/12/2025;200196 - DACTUS INFORMATICA LTDA;2.000,00;2.000,00;15/12/2025;Pendente;1 - UNICREDI;Não;46 - Sistema Octus;1 - MACLINEA MAQUINAS E EQUIPAMENTOS LTDA;;Manual
590;COMPUTADOR;1;08/12/2025;15/11/2025;8909 - W9 SERVICOS DE TECNOLOGIA LTDA;2.798,30;4,54;15/11/2025;Liquidada;1 - UNICREDI;Sim;89 - Informatica;1 - MACLINEA MAQUINAS E EQUIPAMENTOS LTDA;;Manual
589;SISTEMA;1;08/12/2025;15/12/2025;200196 - DACTUS INFORMATICA LTDA;2.000,00;2.000,00;15/12/2025;Pendente;1 - UNICREDI;Não;46 - Sistema Octus;1 - MACLINEA MAQUINAS E EQUIPAMENTOS LTDA;;Manual
588;FGTS SAL;1;08/12/2025;07/01/2026;1 - Maclinea Maquinas e Equipamentos Ltda;11.704,63;11.704,63;07/01/2025;Pendente;1 - UNICREDI;Não;22 - FGTS;1 - MACLINEA MAQUINAS E EQUIPAMENTOS LTDA;;Manual
585;73904;01//01/01;28/11/2025;28/11/2025;9259 - ACTTION DO BRASIL LTDA;1.912,65;0;28/11/2025;Liquidada;1 - UNICREDI;Não;61 - Despesas Administrativas;1 - MACLINEA MAQUINAS E EQUIPAMENTOS LTDA;;NF Entrada
339;5107;01//01/01;19/11/2025;19/11/2025;6425 - PRESEL PRESTADORA DE SERVICO E LOGISTICA LTDA;600;600;19/11/2025;Pendente;1 - UNICREDI;Não;41 - Compras de Materia Prima;1 - MACLINEA MAQUINAS E EQUIPAMENTOS LTDA;;NF Entrada
338;65037;01//01/01;19/11/2025;19/11/2025;5628 - CUNHA EQUIPAMENTOS GALVANICOS LTDA;4.879,59;0;19/11/2025;Liquidada;1 - UNICREDI;Não;;1 - MACLINEA MAQUINAS E EQUIPAMENTOS LTDA;;NF Entrada
335;84053;01//01/01;18/11/2025;18/11/2025;4806 - ALCAST DO BRASIL S/A;3.974,72;3.974,72;18/11/2025;Pendente;1 - UNICREDI;Não;93 - Devolucoes Clientes;1 - MACLINEA MAQUINAS E EQUIPAMENTOS LTDA;;NF Entrada
334;2213;01//01/01;15/11/2025;21/11/2025;2481 - FAMEGAS ASSISTENCIA TECNICA LTDA;675;0;21/11/2025;Liquidada;1 - UNICREDI;Não;77 - Compras de Insumos;1 - MACLINEA MAQUINAS E EQUIPAMENTOS LTDA;;NF Entrada
333;11842;01/0;04/12/2025;10/12/2025;5035 - RESTAURANTE E LANCHONETE BUHRER LTDA;11.901,15;0;10/12/2025;Liquidada;1 - UNICREDI;Não;59 - Alimentaçao;1 - MACLINEA MAQUINAS E EQUIPAMENTOS LTDA;;NF Entrada
329;SEGURO;00/8/008;05/12/2025;01/01/2026;200207 - ALLIANZ SEGUROS S/A;7.356,44;7.356,44;;Pendente;;Não;66 - Seguros;1 - MACLINEA MAQUINAS E EQUIPAMENTOS LTDA;"Vigência: das 24h de 23/07/2025 às 24h de 23/07/2026
Nº. da Apólice:
5177202561180095713";Manual
328;SEGURO;00/7/008;05/12/2025;01/12/2025;200207 - ALLIANZ SEGUROS S/A;7.356,44;-9,09;;Liquidada;;Não;66 - Seguros;1 - MACLINEA MAQUINAS E EQUIPAMENTOS LTDA;"Vigência: das 24h de 23/07/2025 às 24h de 23/07/2026
Nº. da Apólice:
5177202561180095713";Manual
327;SEGURO;00/6/008;05/12/2025;01/03/2026;200207 - ALLIANZ SEGUROS S/A;7.356,44;7.356,44;;Pendente;;Não;66 - Seguros;1 - MACLINEA MAQUINAS E EQUIPAMENTOS LTDA;"Vigência: das 24h de 23/07/2025 às 24h de 23/07/2026
Nº. da Apólice:
5177202561180095713";Manual
326;SEGURO;00/5/008;05/12/2025;01/02/2026;200207 - ALLIANZ SEGUROS S/A;7.356,44;7.356,44;;Pendente;;Não;66 - Seguros;1 - MACLINEA MAQUINAS E EQUIPAMENTOS LTDA;"Vigência: das 24h de 23/07/2025 às 24h de 23/07/2026
Nº. da Apólice:
5177202561180095713";Manual
319;VIVO ;00/1;05/12/2025;02/12/2025;200206 - VIVO - TELEFONICA BRASIL S.A.;1.202,08;0;02/12/2025;Liquidada;1 - UNICREDI;Sim;63 - Telefonia/Fixa/Movel/Internet;1 - MACLINEA MAQUINAS E EQUIPAMENTOS LTDA;PAGAMENTO MENSAL DE IP DEDICADO/INTERNET VIVO ;Manual
256;446;01//01/01;07/11/2025;07/12/2025;9263 - RODOSHEL TRANSPORTES LTDA;7.500,00;0;07/12/2025;Liquidada;1 - UNICREDI;Não;39 - Fretes;1 - MACLINEA MAQUINAS E EQUIPAMENTOS LTDA;;NF Entrada
254;171431;01//01/01;25/11/2025;25/11/2025;1880 - ROLPASA ROLAMENTOS PARANA LTDA;42;0;25/11/2025;Liquidada;;Não;41 - Compras de Materia Prima;1 - MACLINEA MAQUINAS E EQUIPAMENTOS LTDA;;NF Entrada
252;2516;01//01/01;28/11/2025;28/11/2025;6333 - NS LUZZI ESCOVAS INDUSTRIAIS - ME;3.399,60;0;28/11/2025;Liquidada;1 - UNICREDI;Não;54 - Compras de Serviços;1 - MACLINEA MAQUINAS E EQUIPAMENTOS LTDA;;NF Entrada
251;3335;02//02/02;25/11/2025;26/11/2025;6557 - PK SOLUCOES TECNOLOGICAS EIRELE - ME;33;0;26/11/2025;Liquidada;1 - UNICREDI;Não;61 - Despesas Administrativas;1 - MACLINEA MAQUINAS E EQUIPAMENTOS LTDA;;NF Entrada
250;3335;01//02/02;25/11/2025;24/11/2025;6557 - PK SOLUCOES TECNOLOGICAS EIRELE - ME;190;0;24/11/2025;Liquidada;1 - UNICREDI;Não;61 - Despesas Administrativas;1 - MACLINEA MAQUINAS E EQUIPAMENTOS LTDA;;NF Entrada
247;117367;01//01/01;25/11/2025;25/11/2025;4630 - TEMPERAPAR TRATAMENTO TERMICO LTDA;2.992,52;2.992,52;25/11/2025;Pendente;1 - UNICREDI;Não;54 - Compras de Serviços;1 - MACLINEA MAQUINAS E EQUIPAMENTOS LTDA;;NF Entrada
246;3739;01//01/01;26/11/2025;26/11/2025;7426 - AMV ARTEFATOS DE BORRACHAS LTDA;1.179,00;0;26/11/2025;Liquidada;1 - UNICREDI;Não;54 - Compras de Serviços;1 - MACLINEA MAQUINAS E EQUIPAMENTOS LTDA;;NF Entrada
244;579;01//01/01;20/11/2025;20/11/2025;9109 - X LASER EXCELENCIA EM CORTE E DOBRA DE METAIS LTDA;99,25;99,25;20/11/2025;Pendente;1 - UNICREDI;Não;41 - Compras de Materia Prima;1 - MACLINEA MAQUINAS E EQUIPAMENTOS LTDA;;NF Entrada
243;159759;01//01;26/11/2025;01/12/2025;6930 - EFITRANS TRANSPORTES LTDA;111,23;111,23;;Pendente;1 - UNICREDI;Não;39 - Fretes;1 - MACLINEA MAQUINAS E EQUIPAMENTOS LTDA;Frete Ref a NF Entrada Nr: 179991 - FITRANS TRANSPORTES LTDA;NF Entrada
242;179991;01//01/01;26/11/2025;26/11/2025;2621 - OBR EQUIPAMENTOS INDUSTRIAIS LTDA;1.015,84;0;26/11/2025;Liquidada;1 - UNICREDI;Não;41 - Compras de Materia Prima;1 - MACLINEA MAQUINAS E EQUIPAMENTOS LTDA;;NF Entrada
241;50014;01//01/01;26/11/2025;26/11/2025;8197 - A DISTRIBUIDORA COMERCIAL LTDA;468,12;0;26/11/2025;Liquidada;1 - UNICREDI;Não;41 - Compras de Materia Prima;1 - MACLINEA MAQUINAS E EQUIPAMENTOS LTDA;;NF Entrada
240;13923;01//01/01;28/11/2025;28/11/2025;8465 - MDF COMERCIO DE PRODUTOS PARA MARCENARIA LTDA;400,6;0;28/11/2025;Liquidada;;Não;77 - Compras de Insumos;1 - MACLINEA MAQUINAS E EQUIPAMENTOS LTDA;;NF Entrada
239;112343;01//01/01;28/11/2025;28/11/2025;6056 - MATERCIC MATERIAIS DE CONSTRUCAO LTDA;585,4;0;28/11/2025;Liquidada;;Não;77 - Compras de Insumos;1 - MACLINEA MAQUINAS E EQUIPAMENTOS LTDA;;NF Entrada
236;40740;01//01/01;27/11/2025;27/11/2025;6625 - POCOL CORREIAS E MAGUEIRAS LTDA;1.450,63;0;27/11/2025;Liquidada;1 - UNICREDI;Não;41 - Compras de Materia Prima;1 - MACLINEA MAQUINAS E EQUIPAMENTOS LTDA;;NF Entrada
235;11;01//01/01;26/11/2025;26/11/2025;9263 - RODOSHEL TRANSPORTES LTDA;500;500;26/11/2025;Pendente;1 - UNICREDI;Não;69 - Fretes sobre Compras;1 - MACLINEA MAQUINAS E EQUIPAMENTOS LTDA;;NF Entrada
232;105067;01//01/01;21/11/2025;21/12/2025;9100 - ADL COMERCIO DE PECAS PARA VEICULOS LTDA;109,79;0;21/12/2025;Liquidada;1 - UNICREDI;Não;41 - Compras de Materia Prima;1 - MACLINEA MAQUINAS E EQUIPAMENTOS LTDA;;NF Entrada
231;303122;01//01/01;19/11/2025;19/11/2025;8984 - RADIAS MOTO PARTS PECAS E ACESSORIOS LTDA;102,43;0;19/11/2025;Liquidada;1 - UNICREDI;Não;41 - Compras de Materia Prima;1 - MACLINEA MAQUINAS E EQUIPAMENTOS LTDA;;NF Entrada
230;75078;01//01/01;26/11/2025;27/11/2025;1069 - CAROLFIX COMERCIO DE FIXACAO E ROLAMENTOS LTDA;89,15;0;27/11/2025;Liquidada;;Não;41 - Compras de Materia Prima;1 - MACLINEA MAQUINAS E EQUIPAMENTOS LTDA;;NF Entrada
229;198819;01//01/01;18/11/2025;18/11/2025;4716 - PROAUTO PRODUTOS DE AUTOMACAO E REPRESENTACAO LTDA;266,49;266,49;18/11/2025;Pendente;1 - UNICREDI;Não;26 - Manutençao Predial;1 - MACLINEA MAQUINAS E EQUIPAMENTOS LTDA;;NF Entrada
228;20964;01//01/01;18/11/2025;05/12/2025;7362 - GARCIA PERICIA TECNICA DE SEGURANCA DO TRABALHO EI;1.301,55;0;05/12/2025;Liquidada;1 - UNICREDI;Não;58 - Segurança no Trabalho;1 - MACLINEA MAQUINAS E EQUIPAMENTOS LTDA;;NF Entrada
227;173;01//01/01;26/11/2025;05/12/2025;7675 - EJ SOLUCOES MECANICAS LTDA;8.173,00;8.173,00;05/12/2025;Cancelada;1 - UNICREDI;Não;24 - Salarios;1 - MACLINEA MAQUINAS E EQUIPAMENTOS LTDA;;NF Entrada
226;60;01//01/01;24/11/2025;05/12/2025;7674 - FLY SERVICOS E CONSULTORIA EM PROJETOS LTDA;30.680,00;30.680,00;05/12/2025;Cancelada;1 - UNICREDI;Não;24 - Salarios;1 - MACLINEA MAQUINAS E EQUIPAMENTOS LTDA;;NF Entrada
225;29;01//01/01;25/11/2025;05/12/2025;8349 - MORETTI SERVICOS ADMINISTRATIVOS LTDA;31.766,43;31.766,43;05/12/2025;Cancelada;1 - UNICREDI;Não;24 - Salarios;1 - MACLINEA MAQUINAS E EQUIPAMENTOS LTDA;;NF Entrada
224;48;01//01/01;10/11/2025;26/11/2025;8144 - J.O.F. SOLUCOES EM RECURSOS HUMANOS EIRELI;4.764,74;0;26/11/2025;Liquidada;1 - UNICREDI;Não;26 - Manutençao Predial;1 - MACLINEA MAQUINAS E EQUIPAMENTOS LTDA;;NF Entrada
220;29426;01//01/01;01/12/2025;01/12/2025;92 - MUNDIAL PRINT LTDA;160,2;160,2;01/12/2025;Pendente;;Não;41 - Compras de Materia Prima;1 - MACLINEA MAQUINAS E EQUIPAMENTOS LTDA;;NF Entrada
217;349359;01//01/01;07/11/2025;07/11/2025;2953 - IMDEPA ROLAMENTOS IMPORTACAO COMERCIO LTDA;1.219,99;1.219,99;07/11/2025;Pendente;;Não;41 - Compras de Materia Prima;1 - MACLINEA MAQUINAS E EQUIPAMENTOS LTDA;;NF Entrada
210;3009426;01//01/01;17/11/2025;01/12/2025;8838 - AMIL ASSISTENCIA MEDICA INTERNACIONAL S/A;418,38;418,38;01/12/2025;Pendente;1 - UNICREDI;Não;38 - Adiantamento de Salario;1 - MACLINEA MAQUINAS E EQUIPAMENTOS LTDA;;NF Entrada
209;3009426;01//01/01;17/11/2025;01/12/2025;8838 - AMIL ASSISTENCIA MEDICA INTERNACIONAL S/A;308,83;308,83;01/12/2025;Pendente;1 - UNICREDI;Não;40 - Gratificaçoes/Brindes/Eventos para Funcionarios/Benefícios;1 - MACLINEA MAQUINAS E EQUIPAMENTOS LTDA;;NF Entrada
197;24404;01//01/01;17/11/2025;03/12/2025;7252 - CNI EMPRESA NACIONAL DE SERVICOS TECNICOS ESPECIAL;472,33;-5,68;03/12/2025;Liquidada;1 - UNICREDI;Não;90 - Aplicativos e Licenças;1 - MACLINEA MAQUINAS E EQUIPAMENTOS LTDA;;NF Entrada
196;1;01//01/01;26/11/2025;05/12/2025;7159 - JSL SAIP AUTOMACAO INDUSTRIAL LTDA;23.332,00;23.332,00;05/12/2025;Cancelada;1 - UNICREDI;Não;24 - Salarios;1 - MACLINEA MAQUINAS E EQUIPAMENTOS LTDA;;NF Entrada
195;113;01//01/01;23/11/2025;10/12/2025;5694 - ZI COMERCIO SERVICOS MANUTENCAO DE MAQUINAS LTDA;12.364,00;12.364,00;10/12/2025;Pendente;1 - UNICREDI;Não;24 - Salarios;1 - MACLINEA MAQUINAS E EQUIPAMENTOS LTDA;;NF Entrada
194;38767;01/0;02/12/2025;03/12/2025;1405 - USIFIX INDUSTRIA E COMERCIO LTDA;45.000,00;0;03/12/2025;Liquidada;1 - UNICREDI;Não;37 - Maquinas e Equipamentos de Produçao;1 - MACLINEA MAQUINAS E EQUIPAMENTOS LTDA;;NF Entrada
193;70019;01//01/01;24/11/2025;24/11/2025;1242 - SCHLINDWEIN INDUSTRIA E COMERCIO LTDA;1.383,02;1.383,02;24/11/2025;Pendente;1 - UNICREDI;Não;93 - Devolucoes Clientes;1 - MACLINEA MAQUINAS E EQUIPAMENTOS LTDA;;NF Entrada
192;183362;01//01;25/11/2025;01/12/2025;3267 - EFITRANS TRANSPORTES LTDA;128,28;128,28;;Pendente;1 - UNICREDI;Não;39 - Fretes;1 - MACLINEA MAQUINAS E EQUIPAMENTOS LTDA;Frete Ref a NF Entrada Nr: 180074 - FITRANS TRANSPORTES LTDA;NF Entrada
191;180074;01//01/01;21/11/2025;21/11/2025;1030 - GEFRAN BRASIL ELETROELETRONICA LTDA;1.371,02;0,21;21/11/2025;Residual;1 - UNICREDI;Não;41 - Compras de Materia Prima;1 - MACLINEA MAQUINAS E EQUIPAMENTOS LTDA;;NF Entrada
190;44060;01//01;24/11/2025;01/12/2025;6931 - EFITRANS TRANSPORTES LTDA;151,41;151,41;;Pendente;1 - UNICREDI;Não;39 - Fretes;1 - MACLINEA MAQUINAS E EQUIPAMENTOS LTDA;Frete Ref a NF Entrada Nr: 34854 - FITRANS TRANSPORTES LTDA;NF Entrada
189;34854;01//01/01;24/11/2025;24/11/2025;3152 - POLETO COMERCIAL;1.368,33;1.368,33;24/11/2025;Pendente;1 - UNICREDI;Não;41 - Compras de Materia Prima;1 - MACLINEA MAQUINAS E EQUIPAMENTOS LTDA;;NF Entrada
188;159679;01//01;25/11/2025;01/12/2025;6930 - EFITRANS TRANSPORTES LTDA;112,41;112,41;;Pendente;1 - UNICREDI;Não;39 - Fretes;1 - MACLINEA MAQUINAS E EQUIPAMENTOS LTDA;Frete Ref a NF Entrada Nr: 16365 - FITRANS TRANSPORTES LTDA;NF Entrada
187;16365;01//01/01;25/11/2025;25/11/2025;8104 - OBR EQUIPAMENTOS INDUSTRIAIS LTDA;1.394,00;0;25/11/2025;Liquidada;1 - UNICREDI;Não;;1 - MACLINEA MAQUINAS E EQUIPAMENTOS LTDA;;NF Entrada
184;17625;01//01/01;26/11/2025;26/11/2025;3773 - ARTEFATOS DE BORRACHA PCR LTDA;2.510,00;2.510,00;26/11/2025;Pendente;1 - UNICREDI;Não;;1 - MACLINEA MAQUINAS E EQUIPAMENTOS LTDA;;NF Entrada
183;823353;01//01/01;26/11/2025;24/12/2025;7888 - DIMENSIONAL BRASIL SOLUCOES LTDA;750;750;24/12/2025;Pendente;1 - UNICREDI;Não;;1 - MACLINEA MAQUINAS E EQUIPAMENTOS LTDA;;NF Entrada
181;181484;01//01;12/11/2025;01/12/2025;3267 - EFITRANS TRANSPORTES LTDA;124,66;124,66;;Pendente;1 - UNICREDI;Não;39 - Fretes;1 - MACLINEA MAQUINAS E EQUIPAMENTOS LTDA;Frete Ref a NF Entrada Nr: 13896 - FITRANS TRANSPORTES LTDA;NF Entrada
180;13896;01//01/01;12/11/2025;12/11/2025;8696 - ILEP INDUSTRIA DE LAMINADOS ESP. PALMIERO LTDA;569,84;0;12/11/2025;Liquidada;1 - UNICREDI;Não;41 - Compras de Materia Prima;1 - MACLINEA MAQUINAS E EQUIPAMENTOS LTDA;;NF Entrada
179;255433;01//01;18/11/2025;07/12/2025;3462 - MILENIUM TRANSPORTES LTDA;272,01;0;07/12/2025;Liquidada;1 - UNICREDI;Não;39 - Fretes;1 - MACLINEA MAQUINAS E EQUIPAMENTOS LTDA;Frete Ref a NF Entrada Nr: 11420 - ILENIUM TRANSPORTES LTDA;NF Entrada
178;693;01//01/01;12/11/2025;12/11/2025;8497 - TINTAS FRANCA LTDA;177,8;177,8;12/11/2025;Pendente;1 - UNICREDI;Não;77 - Compras de Insumos;1 - MACLINEA MAQUINAS E EQUIPAMENTOS LTDA;;NF Entrada
177;351230;01//01/01;12/11/2025;12/11/2025;328 - NICIOLI INDUSTRIA E COMERCIO DE MOVEIS LTDA;1.412,38;1.412,38;12/11/2025;Pendente;;Não;93 - Devolucoes Clientes;1 - MACLINEA MAQUINAS E EQUIPAMENTOS LTDA;;NF Entrada
176;170861;01//01/01;12/11/2025;12/11/2025;1880 - ROLPASA ROLAMENTOS PARANA LTDA;420;0;12/11/2025;Liquidada;;Não;41 - Compras de Materia Prima;1 - MACLINEA MAQUINAS E EQUIPAMENTOS LTDA;;NF Entrada
175;43966;01//01;17/11/2025;01/12/2025;200190 - EFITRANS TRANSPORTES LTDA;242,67;242,67;;Pendente;1 - UNICREDI;Não;39 - Fretes;1 - MACLINEA MAQUINAS E EQUIPAMENTOS LTDA;Frete Ref a NF Entrada Nr: 110943 - FITRANS TRANSPORTES LTDA;NF Entrada
174;110943;01//01/01;17/11/2025;15/12/2025;7155 - RODEX EQUIPAMENTOS IND LTDA;2.983,99;2.983,99;15/12/2025;Pendente;1 - UNICREDI;Não;41 - Compras de Materia Prima;1 - MACLINEA MAQUINAS E EQUIPAMENTOS LTDA;;NF Entrada
173;43730;01//01;05/11/2025;08/12/2025;200190 - EFITRANS TRANSPORTES LTDA;195,64;0;08/12/2025;Liquidada;1 - UNICREDI;Não;39 - Fretes;1 - MACLINEA MAQUINAS E EQUIPAMENTOS LTDA;Frete Ref a NF Entrada Nr: 110599 - FITRANS TRANSPORTES LTDA;NF Entrada
172;110599;01//01/01;04/11/2025;02/12/2025;7155 - RODEX EQUIPAMENTOS IND LTDA;4.041,22;4.041,22;02/12/2025;Pendente;1 - UNICREDI;Não;;1 - MACLINEA MAQUINAS E EQUIPAMENTOS LTDA;;NF Entrada
171;763403;01//01/01;13/11/2025;13/11/2025;2065 - ELETROCOMERCIAL REYMASTER LTDA;398,26;0;13/11/2025;Liquidada;;Não;41 - Compras de Materia Prima;1 - MACLINEA MAQUINAS E EQUIPAMENTOS LTDA;;NF Entrada
170;600;01//01/01;10/11/2025;10/11/2025;8414 - RESIHEAT RESISTENCIAS ELETRICAS LTDA;2.000,00;0;10/11/2025;Liquidada;1 - UNICREDI;Não;41 - Compras de Materia Prima;1 - MACLINEA MAQUINAS E EQUIPAMENTOS LTDA;;NF Entrada
169;40691;01//01/01;14/11/2025;12/12/2025;8367 - POLUS INSTRUMENTOS ELETRICOS LTDA;407,93;407,93;12/12/2025;Pendente;1 - UNICREDI;Não;41 - Compras de Materia Prima;1 - MACLINEA MAQUINAS E EQUIPAMENTOS LTDA;;NF Entrada
168;25659;01//01/01;06/11/2025;06/11/2025;6755 - PODIUM MANGUEIRAS MRO LTDA;510;0;06/11/2025;Liquidada;;Não;41 - Compras de Materia Prima;1 - MACLINEA MAQUINAS E EQUIPAMENTOS LTDA;;NF Entrada
167;159417;01//01;18/11/2025;01/12/2025;6930 - EFITRANS TRANSPORTES LTDA;112,41;112,41;;Pendente;1 - UNICREDI;Não;39 - Fretes;1 - MACLINEA MAQUINAS E EQUIPAMENTOS LTDA;Frete Ref a NF Entrada Nr: 16289 - FITRANS TRANSPORTES LTDA;NF Entrada
166;16289;01//01/01;18/11/2025;18/11/2025;200195 - OBR EQUIPAMENTOS INDUSTRIAIS LTDA;1.394,00;0;18/11/2025;Liquidada;;Não;41 - Compras de Materia Prima;1 - MACLINEA MAQUINAS E EQUIPAMENTOS LTDA;;NF Entrada
164;18475;01//01/01;12/11/2025;12/11/2025;200194 - MFR AUTO PARTS LTDA;389,4;389,4;12/11/2025;Pendente;;Não;41 - Compras de Materia Prima;1 - MACLINEA MAQUINAS E EQUIPAMENTOS LTDA;;NF Entrada
163;23158;01//01/01;12/11/2025;12/11/2025;8122 - MERCADO ECOM LTDA;199,8;199,8;12/11/2025;Pendente;1 - UNICREDI;Não;41 - Compras de Materia Prima;1 - MACLINEA MAQUINAS E EQUIPAMENTOS LTDA;;NF Entrada
162;179646;01//01;03/11/2025;08/12/2025;200190 - EFITRANS TRANSPORTES LTDA;124,55;0;08/12/2025;Liquidada;1 - UNICREDI;Não;39 - Fretes;1 - MACLINEA MAQUINAS E EQUIPAMENTOS LTDA;Frete Ref a NF Entrada Nr: 641044 - FITRANS TRANSPORTES LTDA;NF Entrada
161;641044;01//01/01;03/11/2025;01/12/2025;2152 - IPANEMA IMPORTADORA LTDA;511,4;511,4;01/12/2025;Pendente;1 - UNICREDI;Não;;1 - MACLINEA MAQUINAS E EQUIPAMENTOS LTDA;;NF Entrada
160;29370;01//01/01;18/11/2025;18/11/2025;92 - MUNDIAL PRINT LTDA;752,4;0;18/11/2025;Liquidada;1 - UNICREDI;Não;;1 - MACLINEA MAQUINAS E EQUIPAMENTOS LTDA;;NF Entrada
156;209841;01//01/01;11/11/2025;11/11/2025;7714 - IFM ELECTRONIC LTDA;3.353,52;3.353,52;11/11/2025;Pendente;1 - UNICREDI;Não;;1 - MACLINEA MAQUINAS E EQUIPAMENTOS LTDA;;NF Entrada
155;159141;01//01;13/11/2025;01/12/2025;6930 - EFITRANS TRANSPORTES LTDA;139,34;139,34;;Pendente;1 - UNICREDI;Não;39 - Fretes;1 - MACLINEA MAQUINAS E EQUIPAMENTOS LTDA;Frete Ref a NF Entrada Nr: 209745 - FITRANS TRANSPORTES LTDA;NF Entrada
154;209745;01//01/01;11/11/2025;11/11/2025;7714 - IFM ELECTRONIC LTDA;4.191,90;4.191,90;11/11/2025;Pendente;1 - UNICREDI;Não;41 - Compras de Materia Prima;1 - MACLINEA MAQUINAS E EQUIPAMENTOS LTDA;;NF Entrada
153;182151;01//01;17/11/2025;01/12/2025;200190 - EFITRANS TRANSPORTES LTDA;128,15;128,15;;Pendente;1 - UNICREDI;Não;39 - Fretes;1 - MACLINEA MAQUINAS E EQUIPAMENTOS LTDA;Frete Ref a NF Entrada Nr: 561672 - FITRANS TRANSPORTES LTDA;NF Entrada
152;561672;01//01/01;14/11/2025;14/11/2025;3821 - HELLERMANNTYTON LTDA;1.323,43;1.323,43;14/11/2025;Pendente;1 - UNICREDI;Não;41 - Compras de Materia Prima;1 - MACLINEA MAQUINAS E EQUIPAMENTOS LTDA;;NF Entrada
151;818257;01//01;18/11/2025;16/12/2025;200188 - DIMENSIONAL BRASIL SOLUCOES LTDA;362;362;16/12/2025;Pendente;;Não;41 - Compras de Materia Prima;1 - MACLINEA MAQUINAS E EQUIPAMENTOS LTDA;;NF Entrada
150;27587;01//01/01;17/11/2025;17/11/2025;200191 - DESCOMPLICA SOLUCOES INDUSTRIAIS LTDA;215;215;17/11/2025;Pendente;1 - UNICREDI;Não;41 - Compras de Materia Prima;1 - MACLINEA MAQUINAS E EQUIPAMENTOS LTDA;;NF Entrada
149;181840;01//01;13/11/2025;01/12/2025;200190 - EFITRANS TRANSPORTES LTDA;200,17;200,17;;Pendente;1 - UNICREDI;Não;39 - Fretes;1 - MACLINEA MAQUINAS E EQUIPAMENTOS LTDA;Frete Ref a NF Entrada Nr: 1108 - FITRANS TRANSPORTES LTDA;NF Entrada
148;1108;01//01/01;13/11/2025;10/12/2025;9257 - BRTORK TRANSMISSION LTDA;755,74;755,74;10/12/2025;Pendente;1 - UNICREDI;Não;41 - Compras de Materia Prima;1 - MACLINEA MAQUINAS E EQUIPAMENTOS LTDA;;NF Entrada
147;180865;01//01;07/11/2025;08/12/2025;200190 - EFITRANS TRANSPORTES LTDA;209,53;0;;Liquidada;1 - UNICREDI;Não;39 - Fretes;1 - MACLINEA MAQUINAS E EQUIPAMENTOS LTDA;Frete Ref a NF Entrada Nr: 1096 - FITRANS TRANSPORTES LTDA;NF Entrada
146;1096;01//01/01;07/11/2025;05/12/2025;9257 - BRTORK TRANSMISSION LTDA;1.965,82;1.965,82;05/12/2025;Pendente;1 - UNICREDI;Não;41 - Compras de Materia Prima;1 - MACLINEA MAQUINAS E EQUIPAMENTOS LTDA;;NF Entrada
145;179820;01//01;03/11/2025;08/12/2025;200190 - EFITRANS TRANSPORTES LTDA;201,72;0;;Liquidada;1 - UNICREDI;Não;39 - Fretes;1 - MACLINEA MAQUINAS E EQUIPAMENTOS LTDA;Frete Ref a NF Entrada Nr: 1078 - FITRANS TRANSPORTES LTDA;NF Entrada
143;152219;01//01;11/11/2025;09/12/2025;6623 - BELTEX INDUSTRIA E COMERCIO DE CORREIAS LTDA;191,7;191,7;09/12/2025;Pendente;;Não;41 - Compras de Materia Prima;1 - MACLINEA MAQUINAS E EQUIPAMENTOS LTDA;;NF Entrada
142;152220;01//01;11/11/2025;09/12/2025;6623 - BELTEX INDUSTRIA E COMERCIO DE CORREIAS LTDA;681,6;681,6;09/12/2025;Pendente;1 - UNICREDI;Não;41 - Compras de Materia Prima;1 - MACLINEA MAQUINAS E EQUIPAMENTOS LTDA;;NF Entrada
141;1302076;01//01/01;28/11/2025;28/11/2025;200061 - REUNIDAS TRANSP. RODOVIARIO CARGAS S/A;73,99;73,99;28/11/2025;Pendente;1 - UNICREDI;Não;39 - Fretes;1 - MACLINEA MAQUINAS E EQUIPAMENTOS LTDA;;NF Entrada
140;172024;01//01/01;04/11/2025;04/11/2025;404 - NORMATIC TRATAMENTOS TERMICOS LTDA;360;360;04/11/2025;Pendente;1 - UNICREDI;Não;54 - Compras de Serviços;1 - MACLINEA MAQUINAS E EQUIPAMENTOS LTDA;;NF Entrada
138;13075;01//01/01;19/11/2025;19/11/2025;4386 - LMP USINAGEM LTDA;4.627,40;0;19/11/2025;Liquidada;1 - UNICREDI;Não;54 - Compras de Serviços;1 - MACLINEA MAQUINAS E EQUIPAMENTOS LTDA;;NF Entrada
137;13073;01//01/01;19/11/2025;19/11/2025;4386 - LMP USINAGEM LTDA;1.095,10;0;19/11/2025;Liquidada;1 - UNICREDI;Não;54 - Compras de Serviços;1 - MACLINEA MAQUINAS E EQUIPAMENTOS LTDA;;NF Entrada
135;13071;01//01/01;19/11/2025;19/11/2025;4386 - LMP USINAGEM LTDA;2.330,32;0;19/11/2025;Liquidada;1 - UNICREDI;Não;54 - Compras de Serviços;1 - MACLINEA MAQUINAS E EQUIPAMENTOS LTDA;;NF Entrada
134;13069;01//01/01;19/11/2025;19/11/2025;4386 - LMP USINAGEM LTDA;1.317,20;0;19/11/2025;Liquidada;1 - UNICREDI;Não;54 - Compras de Serviços;1 - MACLINEA MAQUINAS E EQUIPAMENTOS LTDA;;NF Entrada
133;13067;01//01/01;19/11/2025;19/11/2025;4386 - LMP USINAGEM LTDA;367,5;0;19/11/2025;Liquidada;1 - UNICREDI;Não;54 - Compras de Serviços;1 - MACLINEA MAQUINAS E EQUIPAMENTOS LTDA;;NF Entrada
132;129722;01//01/01;18/11/2025;18/11/2025;85 - VOGA COM. REP. CORREIAS MANGUEIRAS ROLAMENTOS LTDA;206,4;0;18/11/2025;Liquidada;1 - UNICREDI;Não;41 - Compras de Materia Prima;1 - MACLINEA MAQUINAS E EQUIPAMENTOS LTDA;;NF Entrada
131;129451;01//01/01;06/11/2025;06/11/2025;85 - VOGA COM. REP. CORREIAS MANGUEIRAS ROLAMENTOS LTDA;1.793,40;0;06/11/2025;Liquidada;6 - BRADESCO;Não;41 - Compras de Materia Prima;1 - MACLINEA MAQUINAS E EQUIPAMENTOS LTDA;;NF Entrada
130;129390;01//01/01;04/11/2025;04/11/2025;85 - VOGA COM. REP. CORREIAS MANGUEIRAS ROLAMENTOS LTDA;52,87;0;04/11/2025;Liquidada;6 - BRADESCO;Não;41 - Compras de Materia Prima;1 - MACLINEA MAQUINAS E EQUIPAMENTOS LTDA;;NF Entrada
129;111298;01//01/01;11/11/2025;11/11/2025;6056 - MATERCIC MATERIAIS DE CONSTRUCAO LTDA;859;0;11/11/2025;Liquidada;1 - UNICREDI;Não;77 - Compras de Insumos;1 - MACLINEA MAQUINAS E EQUIPAMENTOS LTDA;;NF Entrada
128;412071;01//01/01;11/11/2025;11/11/2025;6715 - FERRAMENTAS GERAIS COMERCIO IMP. FER. MAQUINA LTDA;49,6;49,6;11/11/2025;Pendente;1 - UNICREDI;Não;77 - Compras de Insumos;1 - MACLINEA MAQUINAS E EQUIPAMENTOS LTDA;;NF Entrada
124;5729;01//01/01;13/11/2025;11/12/2025;1670 - ALSCO BRASIL LTDA;238,34;238,34;11/12/2025;Pendente;1 - UNICREDI;Não;78 - Ambiental/Residuos;1 - MACLINEA MAQUINAS E EQUIPAMENTOS LTDA;;NF Entrada
123;10;01//01/01;17/11/2025;15/12/2025;9263 - RODOSHEL TRANSPORTES LTDA;1.000,00;1.000,00;15/12/2025;Pendente;1 - UNICREDI;Não;39 - Fretes;1 - MACLINEA MAQUINAS E EQUIPAMENTOS LTDA;;NF Entrada
122;1;01//01/01;05/11/2025;15/11/2025;8466 - MDS INSTALACAO DE MAQUINAS LTDA;840;0;15/11/2025;Liquidada;1 - UNICREDI;Não;26 - Manutençao Predial;1 - MACLINEA MAQUINAS E EQUIPAMENTOS LTDA;;NF Entrada
116;171430;01//01/01;25/11/2025;25/11/2025;1880 - ROLPASA ROLAMENTOS PARANA LTDA;410;0;25/11/2025;Liquidada;;Não;41 - Compras de Materia Prima;1 - MACLINEA MAQUINAS E EQUIPAMENTOS LTDA;;NF Entrada
107;CREA;;26/11/2025;04/12/2025;200205 - CONSELHO REGIONAL DE ENGENHARIA E AGRONOMIA DO PARANA;103,03;103,03;;Pendente;;Não;61 - Despesas Administrativas;1 - MACLINEA MAQUINAS E EQUIPAMENTOS LTDA;PAGTO ART NOVO TECNICO RESPONSAVEL MACLINEA;Manual
105;108507;01//01/01;17/11/2025;17/11/2025;2001 - RUD RACK INDUSTRIA E COMERCIO DE MOVEIS LTDA;3.598,24;3.598,24;17/11/2025;Pendente;1 - UNICREDI;Não;93 - Devolucoes Clientes;1 - MACLINEA MAQUINAS E EQUIPAMENTOS LTDA;;NF Entrada
104;5612;01//01/01;10/11/2025;10/11/2025;9147 - MITO INDUSTRIA METALURGICA LTDA;23.556,60;23.556,60;10/11/2025;Pendente;;Não;41 - Compras de Materia Prima;1 - MACLINEA MAQUINAS E EQUIPAMENTOS LTDA;;NF Entrada
101;11831;01//01/01;19/11/2025;24/11/2025;5035 - RESTAURANTE E LANCHONETE BUHRER LTDA;11.620,05;0;24/11/2025;Liquidada;1 - UNICREDI;Não;59 - Alimentaçao;1 - MACLINEA MAQUINAS E EQUIPAMENTOS LTDA;;NF Entrada
100;11821;01//01/01;03/11/2025;06/11/2025;5035 - RESTAURANTE E LANCHONETE BUHRER LTDA;12.000,90;0;06/11/2025;Liquidada;1 - UNICREDI;Não;59 - Alimentaçao;1 - MACLINEA MAQUINAS E EQUIPAMENTOS LTDA;;NF Entrada
98;110871;01//01/01;03/11/2025;03/11/2025;6056 - MATERCIC MATERIAIS DE CONSTRUCAO LTDA;104,9;0;03/11/2025;Liquidada;1 - UNICREDI;Não;26 - Manutençao Predial;1 - MACLINEA MAQUINAS E EQUIPAMENTOS LTDA;;NF Entrada
97;28281;01//01/01;12/11/2025;12/11/2025;200204 - LOJA ATACADO;254,04;254,04;12/11/2025;Pendente;1 - UNICREDI;Não;61 - Despesas Administrativas;1 - MACLINEA MAQUINAS E EQUIPAMENTOS LTDA;;NF Entrada
95;489650;01//01/01;12/11/2025;01/12/2025;200023 - EFITRANS TRANSPORTES LTDA;122,82;122,82;01/12/2025;Pendente;1 - UNICREDI;Não;39 - Fretes;1 - MACLINEA MAQUINAS E EQUIPAMENTOS LTDA;;NF Entrada
94;489779;01//01/01;13/11/2025;01/12/2025;200023 - EFITRANS TRANSPORTES LTDA;124,78;124,78;01/12/2025;Pendente;1 - UNICREDI;Não;39 - Fretes;1 - MACLINEA MAQUINAS E EQUIPAMENTOS LTDA;;NF Entrada
92;170036;01/jan;03/11/2025;15/10/2025;8909 - W9 SERVICOS DE TECNOLOGIA LTDA;2.798,30;0;15/10/2025;Liquidada;1 - UNICREDI;Não;61 - Despesas Administrativas;1 - MACLINEA MAQUINAS E EQUIPAMENTOS LTDA;;NF Entrada
91;48555;01//01/01;11/11/2025;09/12/2025;8113 - IBG CRYO INDUSTRIA DE GASES;1.480,35;1.480,35;09/12/2025;Pendente;1 - UNICREDI;Não;54 - Compras de Serviços;1 - MACLINEA MAQUINAS E EQUIPAMENTOS LTDA;;NF Entrada
88;AD SALARIO;00/1;26/11/2025;20/12/2025;1 - Maclinea Maquinas e Equipamentos Ltda;50.000,00;50.000,00;20/12/2025;Pendente;1 - UNICREDI;Não;38 - Adiantamento de Salario;1 - MACLINEA MAQUINAS E EQUIPAMENTOS LTDA;;Manual
87;115;00/1;20/11/2025;20/12/2025;200200 - FGTS - GRF -  FUNDO DE GARANTIA;76.891,48;76.891,48;20/12/2025;Pendente;1 - UNICREDI;Não;22 - FGTS;1 - MACLINEA MAQUINAS E EQUIPAMENTOS LTDA;FGTS MENSAL;Manual
86;115;00/1;20/11/2025;20/11/2025;200200 - FGTS - GRF -  FUNDO DE GARANTIA;76.891,48;0;20/11/2025;Liquidada;1 - UNICREDI;Não;22 - FGTS;1 - MACLINEA MAQUINAS E EQUIPAMENTOS LTDA;FGTS MENSAL;Manual
85;25219;01//01/01;11/11/2025;11/11/2025;4035 - CONTABILISTA PAPELARIA E INFORMATICA LTDA;112,9;112,9;11/11/2025;Pendente;1 - UNICREDI;Não;61 - Despesas Administrativas;1 - MACLINEA MAQUINAS E EQUIPAMENTOS LTDA;;NF Entrada
71;7860;01//01/01;10/11/2025;10/11/2025;9264 - CONTABILIDADE FAZENDA S S LTDA;3.937,50;0;10/11/2025;Liquidada;1 - UNICREDI;Não;61 - Despesas Administrativas;1 - MACLINEA MAQUINAS E EQUIPAMENTOS LTDA;;NF Entrada
70;6030;01//01/01;05/11/2025;06/11/2025;7893 - SOMA COOPERATIVA DE TRABALHO TECNOLOGIA INFORMACAO;16.477,29;0;06/11/2025;Liquidada;1 - UNICREDI;Não;61 - Despesas Administrativas;1 - MACLINEA MAQUINAS E EQUIPAMENTOS LTDA;;NF Entrada
65;347;01//01/01;04/11/2025;14/11/2025;6973 - RH VER CONSULTORIA EM RECURSOS HUMANOS EIRELI;3.654,00;0;14/11/2025;Liquidada;1 - UNICREDI;Não;61 - Despesas Administrativas;1 - MACLINEA MAQUINAS E EQUIPAMENTOS LTDA;;NF Entrada
64;2;01//01/01;05/11/2025;15/11/2025;8466 - MDS INSTALACAO DE MAQUINAS LTDA;11.865,00;0;15/11/2025;Liquidada;1 - UNICREDI;Não;67 - Manutençao de Maquinas e Equipamentos;1 - MACLINEA MAQUINAS E EQUIPAMENTOS LTDA;;NF Entrada
62;7;01//01/01;06/11/2025;15/11/2025;9113 - KLEBER LUIS FURST;6.000,00;0;15/11/2025;Liquidada;1 - UNICREDI;Não;68 - Publicidade e Propaganda;1 - MACLINEA MAQUINAS E EQUIPAMENTOS LTDA;;NF Entrada
60;82;01//01/01;14/11/2025;24/11/2025;5308 - HOTEL BUENOS AIRES LTDA;520;0;24/11/2025;Liquidada;1 - UNICREDI;Não;81 - Despesas com Viagem;1 - MACLINEA MAQUINAS E EQUIPAMENTOS LTDA;;NF Entrada
59;23;01//01/01;05/11/2025;20/11/2025;5076 - GTS GRUPO TECNICO EM SANITIZACAO;300;0;20/11/2025;Liquidada;1 - UNICREDI;Não;61 - Despesas Administrativas;1 - MACLINEA MAQUINAS E EQUIPAMENTOS LTDA;;NF Entrada
46;171201;01//01/01;19/11/2025;19/11/2025;1880 - ROLPASA ROLAMENTOS PARANA LTDA;153;0;19/11/2025;Liquidada;1 - UNICREDI;Não;41 - Compras de Materia Prima;1 - MACLINEA MAQUINAS E EQUIPAMENTOS LTDA;;NF Entrada
24;DARF;;25/11/2025;26/12/2025;200197 - MINISTERIO DA FAZENDA;756,61;756,61;;Pendente;1 - UNICREDI;Não;61 - Despesas Administrativas;1 - MACLINEA MAQUINAS E EQUIPAMENTOS LTDA;MULTA REF ATRASO DE ENVIO DA SPED REF A COMPENTENCIA DE SETEMBRO;Manual
23;SISTEMA ;00/1;25/11/2025;25/12/2025;200196 - DACTUS INFORMATICA LTDA;2.000,00;2.000,00;25/12/2025;Pendente;1 - UNICREDI;Não;46 - Sistema Octus;1 - MACLINEA MAQUINAS E EQUIPAMENTOS LTDA;REF. SISTEMA ERP;Manual
22;SISTEMA ;00/1;25/11/2025;25/11/2025;200196 - DACTUS INFORMATICA LTDA;2.000,00;0;25/11/2025;Liquidada;1 - UNICREDI;Não;46 - Sistema Octus;1 - MACLINEA MAQUINAS E EQUIPAMENTOS LTDA;REF. SISTEMA ERP;Manual
21;COPEL ;00/4004;25/11/2025;27/12/2025;448 - COPEL DISTRIBUICAO S/A;5.364,40;5.364,40;27/12/2025;Pendente;1 - UNICREDI;Não;65 - Luz;1 - MACLINEA MAQUINAS E EQUIPAMENTOS LTDA;PARCELAMENTO UC 21854386 ;Manual
20;COPEL ;00/3004;25/11/2025;27/11/2025;448 - COPEL DISTRIBUICAO S/A;5.364,40;0;27/11/2025;Liquidada;1 - UNICREDI;Não;65 - Luz;1 - MACLINEA MAQUINAS E EQUIPAMENTOS LTDA;PARCELAMENTO UC 21854386 ;Manual
10;UNICRED;01/001;11/11/2025;11/08/2026;200187 - COOPERATIVA CENTRAL DE CREDITO UNICRED DO BRASIL - UNICRED DO BRASIL;200;200;11/08/2026;Pendente;1 - UNICREDI;Não;36 - Despesas Financeiras;1 - MACLINEA MAQUINAS E EQUIPAMENTOS LTDA;INTEGRALIZACAO PARCIAL DE CAPITAL 2.000,00 em 10 X DEBITADO EM CONTA.;Manual
9;UNICRED;00/9/010;11/11/2025;11/07/2026;200187 - COOPERATIVA CENTRAL DE CREDITO UNICRED DO BRASIL - UNICRED DO BRASIL;200;200;;Pendente;;Não;61 - Despesas Administrativas;1 - MACLINEA MAQUINAS E EQUIPAMENTOS LTDA;INTEGRALIZACAO PARCIAL DE CAPITAL 2.000,00 em 10 X DEBITADO EM CONTA.;Manual
8;UNICRED;00/8/010;11/11/2025;11/06/2026;200187 - COOPERATIVA CENTRAL DE CREDITO UNICRED DO BRASIL - UNICRED DO BRASIL;200;200;;Pendente;;Não;61 - Despesas Administrativas;1 - MACLINEA MAQUINAS E EQUIPAMENTOS LTDA;INTEGRALIZACAO PARCIAL DE CAPITAL 2.000,00 em 10 X DEBITADO EM CONTA.;Manual
7;UNICRED;00/7/010;11/11/2025;11/05/2026;200187 - COOPERATIVA CENTRAL DE CREDITO UNICRED DO BRASIL - UNICRED DO BRASIL;200;200;;Pendente;;Não;61 - Despesas Administrativas;1 - MACLINEA MAQUINAS E EQUIPAMENTOS LTDA;INTEGRALIZACAO PARCIAL DE CAPITAL 2.000,00 em 10 X DEBITADO EM CONTA.;Manual
6;UNICRED;00/6/010;11/11/2025;11/04/2026;200187 - COOPERATIVA CENTRAL DE CREDITO UNICRED DO BRASIL - UNICRED DO BRASIL;200;200;;Pendente;;Não;61 - Despesas Administrativas;1 - MACLINEA MAQUINAS E EQUIPAMENTOS LTDA;INTEGRALIZACAO PARCIAL DE CAPITAL 2.000,00 em 10 X DEBITADO EM CONTA.;Manual
5;UNICRED;00/5/010;11/11/2025;11/03/2026;200187 - COOPERATIVA CENTRAL DE CREDITO UNICRED DO BRASIL - UNICRED DO BRASIL;200;200;;Pendente;;Não;61 - Despesas Administrativas;1 - MACLINEA MAQUINAS E EQUIPAMENTOS LTDA;INTEGRALIZACAO PARCIAL DE CAPITAL 2.000,00 em 10 X DEBITADO EM CONTA.;Manual
4;UNICRED;00/4/010;11/11/2025;11/02/2026;200187 - COOPERATIVA CENTRAL DE CREDITO UNICRED DO BRASIL - UNICRED DO BRASIL;200;200;;Pendente;;Não;61 - Despesas Administrativas;1 - MACLINEA MAQUINAS E EQUIPAMENTOS LTDA;INTEGRALIZACAO PARCIAL DE CAPITAL 2.000,00 em 10 X DEBITADO EM CONTA.;Manual
3;UNICRED;00/3/010;11/11/2025;11/01/2026;200187 - COOPERATIVA CENTRAL DE CREDITO UNICRED DO BRASIL - UNICRED DO BRASIL;200;200;;Pendente;;Não;61 - Despesas Administrativas;1 - MACLINEA MAQUINAS E EQUIPAMENTOS LTDA;INTEGRALIZACAO PARCIAL DE CAPITAL 2.000,00 em 10 X DEBITADO EM CONTA.;Manual
2;UNICRED;00/2/010;11/11/2025;11/12/2025;200187 - COOPERATIVA CENTRAL DE CREDITO UNICRED DO BRASIL - UNICRED DO BRASIL;200;0;;Liquidada;;Não;61 - Despesas Administrativas;1 - MACLINEA MAQUINAS E EQUIPAMENTOS LTDA;INTEGRALIZACAO PARCIAL DE CAPITAL 2.000,00 em 10 X DEBITADO EM CONTA.;Manual
1;UNICRED;00/1/010;11/11/2025;11/11/2025;200187 - COOPERATIVA CENTRAL DE CREDITO UNICRED DO BRASIL - UNICRED DO BRASIL;200;0;;Liquidada;;Não;61 - Despesas Administrativas;1 - MACLINEA MAQUINAS E EQUIPAMENTOS LTDA;INTEGRALIZACAO PARCIAL DE CAPITAL 2.000,00 em 10 X DEBITADO EM CONTA.;Manual
